{"cameraMode":{"drawMode":0,"name":"Shaded","section":"Shading Mode"},"sceneLighting":true,"audioPlay":false,"sceneViewState":{"m_AlwaysRefresh":false,"showFog":true,"showSkybox":true,"showFlares":true,"showImageEffects":true,"showParticleSystems":true,"showVisualEffectGraphs":true,"m_FxEnabled":true},"in2DMode":false,"pivot":{"x":-0.03982400894165039,"y":0.8318653106689453,"z":-7.792524337768555},"rotation":{"x":0.0019892756827175619,"y":0.6710355281829834,"z":0.0018104256596416236,"w":-0.7414372563362122},"size":1.6752389669418336,"orthographic":false}