{"cameraMode":{"drawMode":0,"name":"Shaded","section":"Shading Mode"},"sceneLighting":true,"audioPlay":false,"sceneViewState":{"m_AlwaysRefresh":false,"showFog":true,"showSkybox":true,"showFlares":true,"showImageEffects":true,"showParticleSystems":true,"showVisualEffectGraphs":true,"m_FxEnabled":true},"in2DMode":false,"pivot":{"x":-2.133984088897705,"y":0.153214693069458,"z":374.0377502441406},"rotation":{"x":-0.18819203972816468,"y":0.005349900107830763,"z":-0.0008618751307949424,"w":-0.9821862578392029},"size":5.667201995849609,"orthographic":false}